candidate_id,finished_at_utc,lds_v2,n_cases,metric_path,metric_sha256,completion_record_path,completion_record_sha256,evaluation_number,best_so_far
no_tools_ledger_baseline,,0.514,144,autoresearch/results/gemma_baseline/10530901/train/lds_v2.json,ca2f6cb3624d117e09586a94315f7f606b6e6d247cf42337552f8cf522a7d1fe,,,0,0.514
candidate_284dd27e5af3,2026-09-24T21:45:20.184840+00:00,0.5393,144,autoresearch/results/gemma_search/run_20260923_A/results/candidate_284dd27e5af3/train/lds_v2.json,1fbca336019d9190a9cbcf13b3f5b3743d4c1bcda48d0b68bea75d4974a1d868,autoresearch/results/gemma_search/run_20260923_A/jobs/done/candidate_284dd27e5af3_train.json,2d46937f2999c13089b41ff86cf292b20adc861be7ead4d0b09a5fe5d5d35fb1,1,0.5393
candidate_09bab16d9ab8,2026-09-25T16:21:35.025338+00:00,0.4667,144,autoresearch/results/gemma_search/run_20260923_A/results/candidate_09bab16d9ab8/train/lds_v2.json,5aa116d3e715bf52a57b4a4bbf7c7b6f81229bd819f037dd3dd23196e0cbbe85,autoresearch/results/gemma_search/run_20260923_A/jobs/done/candidate_09bab16d9ab8_train.json,0853debe90a71e65e106009fc58a0cf64631d08d14e2316403264b33c33f69ee,2,0.5393
candidate_e6e4d13da7fd,2026-09-25T19:15:52.626534+00:00,0.5071,144,autoresearch/results/gemma_search/run_20260923_A/results/candidate_e6e4d13da7fd/train/lds_v2.json,fce8448d74bb602aef531c6513fd6e9afde88330e4f496a076cd0bb1f0fce2e3,autoresearch/results/gemma_search/run_20260923_A/jobs/done/candidate_e6e4d13da7fd_train.json,af6b137c376edda11669df23e504245206e8ed061ead82211d56ebf9935bbf44,3,0.5393
candidate_a17259c3887f,2026-09-26T02:53:00.813391+00:00,0.5262,144,autoresearch/results/gemma_search/run_20260923_A/results/candidate_a17259c3887f/train/lds_v2.json,2277ad4edcba1a046831a45ac8e9be0856491fc806bdd3cfc9aa9de0ac41d728,autoresearch/results/gemma_search/run_20260923_A/jobs/done/candidate_a17259c3887f_train.json,b8e90ec8072ae161689ffec3709220bd49442e234927015ce198f36693e00d01,4,0.5393
candidate_61a946b93821,2026-09-26T04:06:16.913388+00:00,0.5113,144,autoresearch/results/gemma_search/run_20260923_A/results/candidate_61a946b93821/train/lds_v2.json,50d9889ff07163ca7fa4b08ce15eacbfb13fa9c953f8695378687d6f35078e29,autoresearch/results/gemma_search/run_20260923_A/jobs/done/candidate_61a946b93821_train.json,ba497809d8f15f73f5666be6aa1c1b98c7e29b48c7d579572452b9b80a9792cc,5,0.5393
candidate_4e9785228734,2026-09-26T13:51:03.898748+00:00,0.5607,144,autoresearch/results/gemma_search/run_20260923_A/results/candidate_4e9785228734/train/lds_v2.json,eafa07c251a909d56ebb1bf59abec2bf2f06928dcc1d661a26d3a72c22f23da5,autoresearch/results/gemma_search/run_20260923_A/jobs/done/candidate_4e9785228734_train.json,4d932a8844ad0fe95796ff016e34b2c73047d9da1f81cf1b222e59d0b7def6d2,6,0.5607
candidate_9539666ddd3d,2026-09-26T14:07:30.511019+00:00,0.5729,144,autoresearch/results/gemma_search/run_20260923_A/results/candidate_9539666ddd3d/train/lds_v2.json,53fee21d3b66c9cfafca753fffddf4591aa517848026ff03a9aa2f971223b262,autoresearch/results/gemma_search/run_20260923_A/jobs/done/candidate_9539666ddd3d_train.json,a0f574bcae327946b8f8c98c0224fb7fb1ae4da83c4da38e9e1bbfc4ee426ffc,7,0.5729
candidate_9977e6711a2b,2026-09-26T23:13:39.005498+00:00,0.4842,144,autoresearch/results/gemma_search/run_20260923_A/results/candidate_9977e6711a2b/train/lds_v2.json,f636ade416cea29f8a6098bf98cd51039eb50c703178dcadc3e2f0316cf552d4,autoresearch/results/gemma_search/run_20260923_A/jobs/done/candidate_9977e6711a2b_train.json,d349a0a0a6a588cc1d0a1c0bb91a716be354fffc75cd0ae3d207997548aa1230,8,0.5729
candidate_ce67b1df874d,2026-09-27T00:40:11.621560+00:00,0.5832,144,autoresearch/results/gemma_search/run_20260923_A/results/candidate_ce67b1df874d/train/lds_v2.json,ab036d558c0cdb5220b4b36e4ffbf1cf1c4ab698ab956e4f3245c74c33c79a5d,autoresearch/results/gemma_search/run_20260923_A/jobs/done/candidate_ce67b1df874d_train.json,db91c734a3c65684381f9a72ad1baafc8001cacfe4f5a5724c3c6485cad8584e,9,0.5832
candidate_06dac6acc798,2026-09-27T10:19:41.245362+00:00,0.497,144,autoresearch/results/gemma_search/run_20260923_A/results/candidate_06dac6acc798/train/lds_v2.json,4986140efe224cf577a9ec4aea343ecc287cae780dd786842c851da1265c2f89,autoresearch/results/gemma_search/run_20260923_A/jobs/done/candidate_06dac6acc798_train.json,37ef64a51303b964606374c18e0cfcc129710223f389730ecefa640635a96324,10,0.5832
candidate_e93a1f91e08f,2026-09-27T17:44:28.885180+00:00,0.5636,144,autoresearch/results/gemma_search/run_20260923_A/results/candidate_e93a1f91e08f/train/lds_v2.json,61f0b6df6fe01222667b1a38b45fd8a2fd99fbdb0b695e6aa6761c8e4b018ab8,autoresearch/results/gemma_search/run_20260923_A/jobs/done/candidate_e93a1f91e08f_train.json,3109e61a1a29dc2466f85e415eb6a6305a61cb443894a4ff74cafacf70d015be,11,0.5832
candidate_e9d1f091a1f6,2026-09-28T13:36:59.180094+00:00,0.541,144,autoresearch/results/gemma_search/retry_20260927_trace_instrumented/results/candidate_e9d1f091a1f6/train/lds_v2.json,d665ddf24acd68598e2cef17a7fbbd2b800ab967cdff9bcd010013e988fc53b5,autoresearch/results/gemma_search/retry_20260927_trace_instrumented/jobs/done/candidate_e9d1f091a1f6_train.json,1ca23f849e386576b37c1639f94d84035b6bef157f68371276770e29df4f64e0,12,0.5832
candidate_c94f7604ef22,2026-09-28T13:54:28.543793+00:00,0.5675,144,autoresearch/results/gemma_search/retry_full_train_20260928/results/candidate_c94f7604ef22/train/lds_v2.json,467e9b28a5b2e9675513ff1da9be6e44e33ed00d1022b42256ba43a60786a29b,autoresearch/results/gemma_search/retry_full_train_20260928/jobs/done/candidate_c94f7604ef22_train.json,c1fc0aed62224a3ccee30af782fceed268f7f4b69a461e73a700be1f1f28c279,13,0.5832
candidate_e45db173e7e0,2026-09-28T14:17:05.204088+00:00,0.5462,144,autoresearch/results/gemma_search/retry_full_train_20260928/results/candidate_e45db173e7e0/train/lds_v2.json,df6f7732ab2597406df7b33e12e9dafaffb9d71c2fce6bedcb8433e799468b27,autoresearch/results/gemma_search/retry_full_train_20260928/jobs/done/candidate_e45db173e7e0_train.json,98e0ce4781a9b1b128d204d66b0f9cee9387a2e31ad0acc40229501713b87140,14,0.5832
